<?xml version="1.0" encoding="UTF-8"?>
<jcr:root xmlns:sling="http://sling.apache.org/jcr/sling/1.0" xmlns:cq="http://www.day.com/jcr/cq/1.0" xmlns:jcr="http://www.jcp.org/jcr/1.0" xmlns:nt="http://www.jcp.org/jcr/nt/1.0"
    jcr:primaryType="cq:Page">
    <pheaa-project jcr:primaryType="nt:unstructured">
        <components jcr:primaryType="nt:unstructured">
            <structure jcr:primaryType="nt:unstructured">
                <page jcr:primaryType="nt:unstructured"/>
            </structure>
        </components>
    </pheaa-project>
    <wcm jcr:primaryType="nt:unstructured">
        <foundation jcr:primaryType="nt:unstructured">
            <components jcr:primaryType="nt:unstructured">
                <responsivegrid jcr:primaryType="nt:unstructured">
                    <pheaa-project-structure
                        jcr:description="Policy for templates to allow structure components"
                        jcr:lastModified="{Date}2018-11-06T13:27:41.532-05:00"
                        jcr:lastModifiedBy="admin"
                        jcr:primaryType="nt:unstructured"
                        jcr:title="Pheaa Project Structure"
                        sling:resourceType="wcm/core/components/policy/policy"
                        components="[/libs/dam/cfm/components/contentfragment,/libs/cq/experience-fragments/editor/components/experiencefragment,/libs/wcm/foundation/components/responsivegrid,group:Pheaa content,group:Pheaa Structure]"
                        policyResourceType="wcm/foundation/components/responsivegrid">
                        <cq:authoring jcr:primaryType="nt:unstructured">
                            <assetToComponentMapping jcr:primaryType="nt:unstructured">
                                <experiencefragment
                                    jcr:primaryType="nt:unstructured"
                                    assetGroup="content"
                                    assetMimetype="text/html"
                                    droptarget="experiencefragment"
                                    resourceType="cq/experience-fragments/editor/components/experiencefragment"
                                    type="experiencefragment"/>
                            </assetToComponentMapping>
                        </cq:authoring>
                        <jcr:content
                            jcr:primaryType="nt:unstructured"
                            mergeList="{Boolean}true"/>
                    </pheaa-project-structure>
                    <policy_1541176503260
                        jcr:lastModified="{Date}2018-11-06T13:48:38.367-05:00"
                        jcr:lastModifiedBy="admin"
                        jcr:primaryType="nt:unstructured"
                        jcr:title="Generic"
                        sling:resourceType="wcm/core/components/policy/policy"
                        components="[group:Pheaa content]">
                        <jcr:content jcr:primaryType="nt:unstructured"/>
                    </policy_1541176503260>
                    <policy_1541607936117
                        jcr:lastModified="{Date}2018-11-07T12:37:20.933-05:00"
                        jcr:lastModifiedBy="admin"
                        jcr:primaryType="nt:unstructured"
                        jcr:title="Pheaa Forms"
                        sling:resourceType="wcm/core/components/policy/policy"
                        components="[/libs/wcm/foundation/components/responsivegrid,group:Form,/apps/pheaa-project/components/content/text,/apps/pheaa-project/components/content/title,group:Pheaa Form]">
                        <jcr:content jcr:primaryType="nt:unstructured"/>
                    </policy_1541607936117>
                </responsivegrid>
            </components>
        </foundation>
    </wcm>
</jcr:root>
